filename,smiles
DR1-OMe.png,CCN(CCOC)C1=CC=C(C=C1)N=NC2=CC=C(C=C2)[N+](=O)[O-]
LCM01.png,CCCC1=CC=C(C=C1)C2=CC=C(C=C2)C(=O)OC3=CC=C(C(=C3)F)N=C=S
LCM02.png,CCCCCC1=CC=C(C=C1)C2=CC=C(C=C2)C(=O)OC3=CC(=C(C=C3)N=C=S)F
LCM03.png,CCCC1=CC=C(C=C1)C2=CC=C(C=C2)C(=O)OC3=CC=C(C=C3)C4=CC=C(C#N)C(=C4)F
LCM04.png,CCCCCC1=CC=C(C=C1)C2=CC=C(C=C2)C(=O)OC3=CC=C(C=C3)C4=CC=C(C#N)C(=C4)F
LCM05.png,CCCC1CCC(CC1)C2=CC=C(C#CC3=CC=C(C=C3)C4=CC(=C(C#N)C(=C4)F)F)C=C2
LCM06.png,CCCCCC1CCC(CC1)C2=CC=C(C#CC3=CC=C(C=C3)C4=CC(=C(C#N)C(=C4)F)F)C=C2
LCM07.png,CCCCCC1=CC=C(C=C1)C2=CC=C(C#CC3=CC=C(C=C3)C4=CC(=C(C#N)C(=C4)F)F)C=C2
LCM08.png,CCCCCC1=CC=C(C=C1)C2=CC(=C(C#CC3=CC=C(C=C3)C4=CC(=C(C=C4)C#N)F)C=C2)C
LCM09.png,CCCCCC1=CC=C(C=C1)C2=CC(=C(C#CC3=CC=C(C=C3)C4=CC(=C(C=C4)C#N)F)C(=C2)F)F
LCM10.png,CCCC1=CC=C(C=C1)C2=CC=C(C#CC3=CC(=C(C(=C3)F)N=C=S)F)C=C2
LCM11.png,CCCCCC1=CC=C(C=C1)C2=CC=C(C#CC3=CC(=C(C(=C3)F)N=C=S)F)C=C2
LCM14.png,CCCCCC1=CC=C(C=C1)C2=C(C(=C(C#CC3=CC(=C(C(=C3)F)N=C=S)F)C=C2)F)F
LCM15.png,CCCC1=CC=C(C=C1)C(=O)OC2=CC(=C(C=C2)C(=O)OC3=CC=C(C#N)C(=C3)F)F
LCM16.png,CCCCCC1=CC=C(C=C1)C(=O)OC2=CC(=C(C=C2)C(=O)OC3=CC=C(C#N)C(=C3)F)F
LCM17.png,CCCC1=CC=C(C=C1)C(=O)OC2=CC=C(C=C2)C(=O)OC3=CC=C(C#N)C(=C3)F
LCM18.png,CCCCCC1=CC=C(C=C1)C(=O)OC2=CC=C(C=C2)C(=O)OC3=CC=C(C#N)C(=C3)F
PEO-0015.png,CN(C)C1=CC=C(C(=C1)OC)N=NC2=CC=C(C=C2)N=NC3=CC=C(C=C3)[N+](=O)[O-]
PEO-0020.png,CCCC1COC(C2=CC(=C(C(=C2)F)C(=O)OC3=CC(=C(C4=CC(=C(C#N)C(=C4)F)F)C(=C3)F)F)F)OC1
    PEO-0021.png,CCCC1CCN(CC1)C2=CC=C(/C=C/C3=CC=C(C(=C(C#N)C#N)C#N)S3)C(=C2)OCCC
PEO-0022.png,CCOC1=CC(=C(C(=C1)F)C(=O)OC2=CC(=C(C#N)C(=C2)F)F)F
PEO-0023.png,CCCCCC1=CC=C(C=C1)C2=CC(=C(C=C2)C3=CC(=C(C(=C3)F)C(F)(F)OC4=CC(=C(C(=C4)F)F)F)F)F
PEO-0024.png,CCCC1=CC=C(C=C1)C2=CC(=C(C(=C2)F)C(F)(F)OC3=CC(=C(C(=C3)F)F)F)F
    PEO-0025.png,CCCCCN(C)C1=CC=C(C=C1)/C=C/C2=C(C#N)C(=C(C#N)C#N)N(CCCCC)C2=O
PEO-0026.png,CCOC1=CC(=C(C(=C1)F)C(=O)OC2=CC(=C(C=C2)C(=O)OC3=CC(=C(C=C3)C(=O)OC4=CC(=C(C#N)C(=C4)F)F)C(F)(F)F)C(F)(F)F)F
    PEO-0027.png,CCCC1CCN(CC1)C2=CC=C(/C=C/C3=CC=C(C4=CC=C(C(=C(C#N)C#N)C#N)S4)S3)C(=C2)OCCC
PEO-0028.png,CCCCCN1C=CC/2=C1CCC\C2=C/C=C/3\CCC\C(=C3/Cl)\C=C\C4=C(C#N)C(=C(C#N)C#N)OC4(C)C
PEO-0029.png,CCCCCN/1C2=C(C=CC=C2)C(C)(C)\C1=C/C=C/3\CCC\C(=C3/Cl)\C=C\C4=C(C#N)C(=C(C#N)C#N)OC4(C)C
PEO-0030.png,CCCCCN/1C2=C(C=CC=C2)C(C)(C)\C1=C/C=C/3\CCC\C(=C3/SCCCCC)\C=C\C4=C(C#N)C(=C(C#N)C#N)OC4(C)C
PEO-0031.png,CCCCN(CCCC)C1=CC=C(/C=C/C2=CC=C(/C=C/C3=C(C#N)C(=C(C#N)C#N)OC3(C4=CC=CC=C4)C(F)(F)F)S2)C(=C1)OCC5=CC=CC=C5
PEO-0032.png,CCCCCS/C/1=C(/CCC\C1=C/C=C/2\C(C)(C)C3=C(C=CC=C3)N2C)\C=C\C4=C(C#N)C(=C(C#N)C#N)OC4(C)C
PEO-0033.png,CCCCCN/1C2=C(C=CC=C2)C(C)(C)\C1=C/C=C/3\CCC\C(=C3/SCCC)\C=C\C4=C(C#N)C(=C(C#N)C#N)OC4(C)C
PEO-0034.png,CCCS/C/1=C(/CCC\C1=C/C=C/2\C(C)(C)C3=C(C=CC=C3)N2C)\C=C\C4=C(C#N)C(=C(C#N)C#N)OC4(C)C
PEO-0035.png,CCCCCS/C/1=C(/CC\C1=C/C=C/2\C(C)(C)C3=C(C=CC=C3)N2C)\C=C\C4=C(C#N)C(=C(C#N)C#N)OC4(C)C
PEO-0036.png,CCCCCS/C/1=C(/CCC\C1=C/C=C(C2=CC=C(C=C2)N(C)C)C3=CC=C(C=C3)N(C)C)\C=C\C4=C(C#N)C(=C(C#N)C#N)OC4(C)C
    PEO-0037.png,CCCCCOC1=C2CCCN3CCCC(=C23)C=C1/C=C/C4=C(C#N)C(=C(C#N)C#N)OC4(C)C
PEO-0038.png,CC/1(C)C2=C(C=CC=C2)N\C1=C\C=C\3/CCC\C(=C3\Cl)\C=C\C4=C(C#N)C(=C(C#N)C#N)OC4(C)C
PEO-0039.png,CCCCS/C/1=C(/CCC\C1=C/C=C/2\C(C)(C)C3=C(C=CC=C3)N2)\C=C\C4=C(C#N)C(=C(C#N)C#N)OC4(C)C
PEO-0040.png,CCCCS/C/1=C(\C=C\C2=C(C#N)C(=C(C#N)C#N)OC2(C)C)/CC(C\C1=C/C=C/3\C(C)(C)C4=C(C=CC=C4)N3C)(F)F
PEO-0041.png,CCCCCOC1=C(C=CC(=C1)N(C)C)C(=O)OC2=CC=C(C=C2)C(=O)OC3=CC=C(C=C3)[N+](=O)[O-]
PEO-0042.png,CCN(CC)C1=CC=C(C=C1)C(=CC=C2CCCC(=C2Cl)C=CC3=C(C#N)C(=C(C#N)C#N)OC3(C4=CC=CC=C4)C(F)(F)F)C5=CC=C(C=C5)N(CC)CC
PEO-0043.png,CCN(CC)C1=CC=C(C=C1)C(=CC=C2CCCC(=C2Cl)C=CC3=C(C#N)C(=C(C#N)C#N)OC3(C)C)C4=CC=C(C=C4)N(CC)CC
PEO-0044.png,CCCCCS/C/1=C(/CC\C1=C/C=C(C2=CC=C(C=C2)N(CC)CC)C3=CC=C(C=C3)N(CC)CC)\C=C\C4=C(C#N)C(=C(C#N)C#N)OC4(C)C
PEO-0045.png,CCCCCOC1=C2CCCN3CCCC(=C23)C=C1/C=C/C/4=C(/C(=C/C=C/C5=C(C#N)C(=C(C#N)C#N)OC5(C)C)/CC(C)(C)C4)\SCCC
PEO-0046.png,CC/1(C)C2=C(C=CC=C2)N(C)\C1=C\C=C\3/CC(C\C(=C3\Cl)\C=C\C4=C(C#N)C(=C(C#N)C#N)OC4(C)C)C(F)(F)F
PEO-0047.png,CCCCCS/C/1=C(\C=C\C2=C(C#N)C(=C(C#N)C#N)OC2(C)C)/CC(C\C1=C/C=C/3\C(C)(C)C4=C(C=CC=C4)N3C)C(F)(F)F
    PEO-0048.png,CCCCCCN1CCN(CC1)C2=CC=C(/C=C/C3=CC=C(C(=C(C#N)C#N)C#N)S3)C(=C2)OC
PEO-0049.png,CCCC1COC(C2=CC(=C(C#CC3=CC(=C(C4=CC(=C(C#N)C(=C4)F)F)C(=C3)F)F)C(=C2)F)F)OC1
PEO-0050.png,CC/1(C)C2=C(C=CC=C2)N(C)\C1=C\C=C\3/CC\C(=C3\Cl)\C=C4C(=O)C5=C(C=CC=C5)C4=O
PEO-0051.png,CCCCCS/C/1=C(/CC\C1=C/C=C/2\C(C)(C)C3=C(C=CC=C3)N2C)\C=C4C(=O)C5=C(C=CC=C5)C4=O
PEO-0052.png,CCCOC1=CC(=CC=C1C(=O)OC2=CC(=C(C=C2)C(=O)OC3=CC=C(C(=C3)OC)C(=O)OC4=CC(=C(C=C4)C(=O)OC5=CC=C(C=C5)C6=CC=C(C=C6)[N+](=O)[O-])OC)OCCC)OC
    PEO-0053.png,CCCCCCCCN1C=CC(=CC(=C2C=CC(=C(C#N)C#N)C=C2)C#N)C=C1
PEO-0054.png,CCC1=CC=C(C=C1)C2=CC(=C(C(=C2)F)OC(C3=CC(=C(C(=C3)F)F)F)(F)F)F
        PEO-0055.png,CCCC1=CC=C(C=C1)C2=CC(=C(C=C2)C3=CC(=C(C(=C3)F)OC(C4=CC(=C(C(=C4)F)F)F)(F)F)F)F
PEO-0056.png,CCCOC1=C(C=CC(=C1)OC)C(=O)OC2=CC=C(C(=C2)N(C)C)C(=O)OC3=CC=C(C=C3)[N+](=O)[O-]
    PEO-0057.png,CCCCCOC1=C(/C=C/C2=C(C#N)C(=C(C#N)C#N)OC2(C)C(F)(F)F)C=C3CCCN4CCCC1=C34
    PEO-0058.png,CCCCCOC1=C(/C=C/C2=CC=C(C3=CC=C(C(=C(C#N)C#N)C#N)S3)S2)C=C4CCCN5CCCC1=C45
PEO-0059.png,CCCOC1=CC(=CC=C1C(=O)OC2=CC(=C(C=C2)C(=O)OC3=CC=C(C(=C3)OC)C(=O)OC4=CC=C(C(=C4)OC)C(=O)OC5=CC=C(C=C5)[N+](=O)[O-])OC)OC(=O)C6=C(C=C(C=C6)OC)OCCC
PEO-0060.png,CCCCCOC1=C(/C=C/C=C/C2=C(C#N)C(=C(C#N)C#N)OC2(C)C)C=C3CCCN4CCCC1=C34
PEO-0061.png,CCCCCN(C)C1=CC=C(C=C1)/C=C/C/2=C(/C(=C/C=C/C3=C(C#N)C(=C(C#N)C#N)OC3(C)C(F)(F)F)/CC(C)(C)C2)\SCCC
PEO-0062.png,CCCCCC1NC2=CC=CC3=C2C(=CC=C3N=NC4=CC=C(C5=C4C=CC=C5)[N+](=O)[O-])N1
PEO-0063.png,CCCCCC1NC2=CC=CC3=C(C=CC(=C32)N1)N=NC4=NC=C([N+](=O)[O-])S4
PEO-0064.png,CCCCCC1N(C)C2=CC=CC3=C(C=CC(=C32)N1C)N=NC4=CC=C(C5=C4C=CC=C5)[N+](=O)[O-]
PEO-0065.png,CCCCCC1N(C)C2=CC=CC3=C(C=CC(=C32)N1C)N=NC4=CC=C(C=C4)[N+](=O)[O-]
PEO-0066.png,CCCCCN/1C2=C(C=CC=C2)S\C1=C/C=C/3\CCC\C(=C3/Cl)\C=C4C(=O)C5=C(C=CC=C5)C4=O
PEO-0067.png,CCCCCC1NC2=CC=CC3=C(C=CC(=C32)N1)N=NC4=CC=C(C=C4)N=NC5=CC=C(C=C5)[N+](=O)[O-]
PEO-0068.png,CCCCCNC1=CC=C(C=C1)N=NC2=CC=C(C=C2)[N+](=O)[O-]
PEO-0069.png,CCCCCN1C2=C(C=CC=C2)SC1=CC=C3CCCC(=C3Cl)C=CC4=C(C#N)C(=C(C#N)C#N)OC4(C)C
PEO-0070.png,CCCCCNC1=CC=C(C=C1)N=NC2=CC=C(C=C2)N=NC3=CC=C(C=C3)[N+](=O)[O-]
PEO-0071.png,CCCCCN1C2=C(C=CC=C2)C(C)(C)C1=CC=CC=CC=CC3=C(C#N)C(=C(C#N)C#N)OC3(C)C
PEO-0072.png,CCCCCN/1C2=C(C=CC=C2)C(C)(C)\C1=C/C=C/C=C/C=C/C3=C(C#N)C(=O)OC3(C)C
    PEO-0073.png,CCCCCNC1=CC=C(C=C1)/C=C/C2=C(C#N)C(=C(C#N)C#N)OC2(C)C(F)(F)F
PEO-0074.png,CCCCC(CC)CS/C/1=C(/CCC\C1=C/C=C/2\C(C)(C)C3=C(C=CC=C3)N2C)\C=C\C4=C(C#N)C(=C(C#N)C#N)OC4(C)C
PEO-0075.png,CCCCCC1N(C)C2=C3C(=CC=C2)C(=CC=C3N1C)/C=C/C4=C(C#N)C(=C(C#N)C#N)OC4(C)C
PEO-0076.png,CC/1(C)C2=C(C=CC=C2)N(C)\C1=C\C=C\3/CCC\C(=C3\SCCCCO)\C=C\C4=C(C#N)C(=C(C#N)C#N)OC4(C)C
PEO-0077.png,CCCCCCCC1N(C)C2=CC=CC3=C(C=CC(=C32)N1C)N=NC4=CC=C(C=C4)[N+](=O)[O-]
    PEO-0078.png,CC/1(C)C2=C(C=CC=C2)N(C)\C1=C\C=C\3/CCC\C(=C3\SC45CC6CC(CC(C6)C4)C5)\C=C\C7=C(C#N)C(=C(C#N)C#N)OC7(C)C
PEO-0079.png,CCCCCN1/C(=C/C=C/2\CCC\C(=C2/SCC(CC)CCCC)\C=C\C3=C(C#N)C(=C(C#N)C#N)OC3(C)C)/C4=C5C(=CC=C4)C=CC=C51
    PEO-0080.png,CCCCCN(C)C1=CC=C(C=CC2=CC=C(C=CC3=C(C#N)C(=C(C#N)C#N)OC3(C)C)C4=NSN=C24)C=C1
PEO-0081.png,CCC(C)CS/C/1=C(/CCC\C1=C/C=C/2\C3=CC=CC4=CC=CC(=C43)N2C)\C=C\C5=C(C#N)C(=C(C#N)C#N)OC5(C)C
PEO-0082.png,CCCCCC1N(C)C2=CC=CC3=C(C=CC(=C32)N1C)N=NC4=C(C=C(C=C4F)N=NC5=C(C=C(C=C5)[N+](=O)[O-])F)F
PEO-0083.png,CCCCC(CC)CS/C/1=C(/CCC\C1=C/C=C/2\C3=CC=CC4=CC=CC(=C43)N2C)\C=C\C5=C(C#N)C(=C(C#N)C#N)OC5(C)C
PEO-0084.png,CCCCCOC1=C(C=C2CCCN3CCCC1=C23)N=NC4=CC=C(C=C4)N=NC5=CC=C(C=C5)[N+](=O)[O-]
PEO-0085.png,CC(C)C1=CC2=C(C)C=C(C2=C(C)C=C1)N=NC3=CC=C(C=C3)N=NC4=CC=C(C=C4)[N+](=O)[O-]
PEO-0086.png,CCCCCCCCN1C2=CC=CC=C2C3=C1CCCC3=CC=C4CCCC(=C4Cl)C=CC5=C(C#N)C(=C(C#N)C#N)OC5(C)C
PEO-0087.png,CCC(C)CS/C/1=C(/CCC\C1=C/C=C/2\C(C)(C)C3=C(C=CC=C3)N2C)\C=C\C4=C(C#N)C(=C(C#N)C#N)OC4(C)C
PEO-0088.png,CCCCCCCCN1C2=CC=CC=C2C/3=C1CCC\C3=C/C=C/4\CCC\C(=C4/SCC(C)CC)\C=C\C5=C(C#N)C(=C(C#N)C#N)OC5(C)C
PEO-0089.png,CC(C)(C)CCN1C2=CC=CC=C2C3=C1CCCC3=CC=C4CCCC(=C4Cl)C=CC5=C(C#N)C(=C(C#N)C#N)OC5(C)C
PEO-0090.png,CC(C)C1=CC2=C(C)C=C(/C=C/3\CC/C(=C3/Cl)/C=C/C4=C(C#N)C(=C(C#N)C#N)OC4(C)C)C2=C(C)C=C1
PEO-0091.png,CCCCCOC1=C(C=CC(=C1)N(C)C)N=NC2=CC=C(C=C2)C(=O)OC3=CC=C(C=C3)[N+](=O)[O-]
PEO-0093.png,CCCCCOC1=C(C=CC(=C1)N(C)C)N=NC2=CC=C(C=C2)C(=O)OC3=CC=C(C(=C3)F)[N+](=O)[O-]
peo-0094.png,CC1(C)C(=C(C#N)C(=C(C#N)C#N)O1)/C=C/C/2=C(/C(=C/C=C/3\CCCC4=C3C5=CC=CC=C5N4CCOCCOC)/CCC2)\Cl
PEO-0095.png,CCC(C)CS/C/1=C(/CCC\C1=C/C=C/2\CCCC3=C2C4=CC=CC=C4N3CCOCCOC)\C=C\C5=C(C#N)C(=C(C#N)C#N)OC5(C)C
PEO-0096.png,CC(C)(C)C1C/C(=C(\C(=C\C=C\2/CCCC3=C2C4=CC=CC=C4N3CCOCCOC)\C1)/Cl)/C=C/C5=C(C#N)C(=C(C#N)C#N)OC5(C)C(F)(F)F
PEO-0097.png,CCCCCOC1=C(C=CC(=C1)N(C)C)[N+](=NC2=CC=C(C=C2)C(=O)OC3=CC=C(C=C3)[N+](=O)[O-])[O-]
PEO-0098.png,CCC(C)CS/C/1=C(/CCC\C1=C/C=C/2\C(C)(C)C3=CC(=CC=C3N2C)Cl)\C=C\C4=C(C#N)C(=C(C#N)C#N)OC4(C)C
peo-0099.png,CCCOC1=CC(=CC=C1C(=O)OC2=CC(=C(C=C2)C(=O)OC3=CC(=C(C=C3)C(=O)OC4=CC=C(C=C4)N=NC5=CC=C(C=C5)[N+](=O)[O-])OC)OCCC)OC
PEO-0100.png,CCCCCOC1=CC(=CC=C1N=NC2=CC=C(C=C2)C(=O)OC3=CC(=C(C=C3)C(=O)OC4=CC=C(C=C4)[N+](=O)[O-])OCCC)N(C)C
PEO-0101.png,CCCCCOC1=CC(=CC=C1[N+](=NC2=CC=C(C=C2)C(=O)OC3=CC(=C(C=C3)C(=O)OC4=CC=C(C=C4)[N+](=O)[O-])OCCC)[O-])N(C)C
PEO-0102.png,CCCCCOC1=CC(=CC=C1N=NC2=CC=C(C=C2)C(=O)OC3=CC(=C(C=C3)C(=O)OC4=CC=C(C=C4)[N+](=O)[O-])OC)N(C)C
PEO-0103.png,CCCCCOC1=C2CCCN3CCCC(=C23)C=C1N=NC4=CC=C(C=C4)C(=O)OC5=CC=C(C=C5)[N+](=O)[O-]
PEO-0104.png,CCCCCOC1=C2CCCN3CCCC(=C23)C=C1N=NC4=CC=C(C=C4)C(=O)OC5=CC(=C(C=C5)C(=O)OC6=CC=C(C=C6)[N+](=O)[O-])OC
PEO-0105.png,CCCCCOC1=C2CCCN3CCCC(=C23)C=C1N=NC4=CC=C(C=C4)C(=O)OC5=CC(=C(C=C5)C(=O)OC6=CC(=C(C=C6)C(=O)OC7=CC=C(C=C7)[N+](=O)[O-])OC)OC
PEO-0106.png,CCCCCOC1=CC(=CC=C1N=NC2=CC(=C(C=C2)C(=O)OC3=CC(=C(C=C3)C(=O)OC4=CC=C(C=C4)[N+](=O)[O-])OC)F)N(C)C
PEO-0107.png,CCCCCOC1=C(C=CC(=C1)N(C)C)[N+](=NC2=CC=C(C=C2)C(=O)OC3=CC(=C(C=C3)C(=O)OC4=CC=C(C=C4)[N+](=O)[O-])OC)[O-]
PEO-0108.png,CCCCCOC1=C(C=CC(=C1)N(C)C)[N+](=NC2=CC=C(C=C2)C(=O)OC3=CC(=C(C=C3)C(=O)OC4=CC(=C(C=C4)[N+](=O)[O-])F)OC)[O-]
PEO-0109.png,CCCCCOC1=C(C=CC(=C1)N(C)C)[N+](=NC2=CC=C(C=C2)C(=O)OC3=CC=C(C=C3)N=NC4=CC=C(C=C4)[N+](=O)[O-])[O-]
PEO-0110.png,CCCCCOC1=C(C=CC(=C1)N(C)C)N=NC2=CN=C(C=C2)C(=O)OC3=CC(=C(C=C3)C(=O)OC4=CC=C(C=C4)[N+](=O)[O-])OC
PEO-0111.png,CCCCCOC1=C(C=CC(=C1)N(C)C)N=NC2=CC(=C(C=C2)C(=O)OC3=CC=C(C=C3)N=NC4=CC=C(C=C4)[N+](=O)[O-])F
PEO-0112.png,CN(C)C1=CC=C(/C=C/C2=CC=C(C(=C2)OC)C(=O)OC3=CC(=C(C=C3)C(=O)OC4=CC=C(C=C4)[N+](=O)[O-])OC)S1
PEO-0113.png,CCCCCOC1=C(C=CC(=C1)N(C)C)N=NC2=CC(=C(C=C2)C(=O)OC3=CC(=C(C(=C3)F)N=NC4=CC=C(C=C4)[N+](=O)[O-])F)F
PEO-0114.png,CCCCCOC1=C(C=C2CCCN3CCCC1=C23)N=NC4=CC=C(C=C4)C(=O)OC5=CC(=C(C(=C5)F)N=NC6=CC=C(C=C6)[N+](=O)[O-])F
PEO-0115.png,CCCCCOC1=C(C=CC(=C1)N(C)C)N=NC2=CC(=C(C=C2)C(=O)OC3=CC(=C(C4=CC(=C(C#N)C(=C4)F)F)C(=C3)F)F)F
PEO-0116.png,CN(C)C1=CC=C(/C=C/C2=CC(=C(C=C2)C(=O)OC3=CC(=C(C4=CC(=C(C#N)C(=C4)F)F)C(=C3)F)F)OC)S1
PEO-0117.png,CCCCOC1=C(C=CC(=C1)N(C)C)N=NC2=CC(=C(C=C2)C(=O)OC3=CC(=C(C(=C3)F)N=NC4=CC(=C(C#N)C(=C4)F)F)F)F
PEO-0118.png,CN(C)C1=CC=C(/C=C/C2=CC=C(C(=C2)OC)C(=O)OC3=CC(=C(C(=C3)F)N=NC4=CC=C(C(=C4)F)[N+](=O)[O-])F)S1
PEO-0119.png,CCCCCOC1=C(C=CC(=C1)N(C)C)N=NC2=CC(=C(C=C2)C(=O)OC3=CC=C(C=C3)C4=CC=C(C=C4)[N+](=O)[O-])F
PEO-0120.png,CCCCCOC1=C(C=CC(=C1)N(C)C)N=NC2=CC=C(C(=C2)F)C(=O)OC3=CC(=C(C(=C3)F)N=NC4=CC(=C(C=C4)[N+](=O)[O-])F)F
PEO-0121.png,CCCCCOC1=C(C=CC(=C1)N(C)C)N=NC2=CC=C(C(=C2)F)C(=O)OC3=CC(=C(/C=C/C4=CC=C(C=C4)[N+](=O)[O-])C=C3)OC
PEO-0122.png,CN(C)C1=CC=C(/C=C/C2=CC=C(C(=C2)OC)C(=O)OC3=CC(=C(/C=C/C4=CC=C(C=C4)[N+](=O)[O-])C=C3)OC)S1
PEO-0123.png,CC1=C(C=C(C(=C1)N=NC2=CC=C(C(=C2)F)[N+](=O)[O-])C(F)(F)F)OC(=O)C3=CC=C(/C=C/C4=CC=C(N(C)C)S4)C=C3OC
PEO-0124.png,CCCCCOC1=C(C=CC(=C1)N(C)C)N=NC2=CC=C(C(=C2)C(F)(F)F)C(=O)OC3=CC(=C(/C=C/C4=CC=C(C(=C4)F)[N+](=O)[O-])C=C3)OC
PEO-0125.png,CN(C)C1=CC=C(/C=C/C2=CC=C(C(=C2)OC)C(=O)OC3=CC=C(C(=C3)OC)C4=CC=C(/C=C/C5=CC=C(C=C5)[N+](=O)[O-])S4)S1
PEO-0126.png,CN(C)C1=CC=C(/C=C/C2=CC=C(C(=C2)OC)C(=O)OC3=CC=C(/C=C/C4=CC(=C(C=C4)C#N)F)C(=C3)OC)S1
PEO-0127.png,CN(C)C1=CC=C(/C=C/C2=CC=C(C(=C2)OC)C(=O)OC3=CC=C(/C=C/C4=CC=C(C=C4)[N+](=O)[O-])C(=C3)C(F)(F)F)S1
PEO-0128.png,CN(C)C1=CC2=C(C=C(/C=C/C3=CC=C(C(=C3)OC)C(=O)OC4=CC(=C(C5=CC(=C(C#N)C(=C5)F)F)C(=C4)F)F)S2)S1
PEO-0129.png,CN(C)C1=CC=C(/C=C/C2=CC=C(C(=C2)OC)C(=O)OC3=CC(=C(C(=C3)F)N=NC4=CC(=C(C=C4)C#N)C#N)F)S1
PEO-0130.png,CC1=C(C(=CC(=C1)/C=C/C2=CC=C(C=C2)[N+](=O)[O-])C)OC(=O)C3=CC=C(/C=C/C4=CC=C(N(C)C)S4)C=C3OC
PEO-0131.png,CC(C)OC1=CC(=CC=C1/C=C/C2=CC=C(C=C2)[N+](=O)[O-])OC(=O)C3=CC=C(/C=C/C4=CC=C(N(C)C)S4)C=C3OC
PEO-0132.png,CCCOC1=CC(=CC=C1/C=C/C2=CC=C(C=C2)[N+](=O)[O-])C3=CC=C(C=C3OC)OC(=O)C4=CC=C(/C=C/C5=CC=C(N(C)C)S5)C=C4OC
PEO-0133.png,CCCCCOC1=CC(=CC=C1N=NC2=CC=C(C(=C2)F)C(=O)OC3=CC=C(C4=CC=C(/C=C/C5=CC=C(C=C5)[N+](=O)[O-])C(=C4)OCCC)C(=C3)OC)N(C)C
PEO-0134.png,CCCOC1=CC(=CC=C1/C=C/C2=CC=C(C=C2)[N+](=O)[O-])C3=CC=C(C=C3OC)OC(=O)C4=CC=C(/C=C/C5=CC=C(N(C)C)S5)C=C4F
PEO-0135.png,CCCCCOC1=C(C=CC(=C1)N(C)C)N=NC2=CC=C(C=C2)N=NC3=CC=C(C=C3)[N+](=O)[O-]
PEO-0136.png,CN(C)C1=CC(=C(C=C1)N=NC2=CC=C(C(=C2)OC)C(=O)OC3=CC=C(C4=CC=C(/C=C/C5=CC=C(C=C5)[N+](=O)[O-])C(=C4)OC)C(=C3)OC)OC
PEO-0137.png,CN(C)C1=CC=C(N=NC2=CC=C(C(=C2)F)C(=O)OC3=CC=C(C4=CC=C(C=CC5=CC=C(C=C5)[N+](=O)[O-])C(=C4)OC)C(=C3)OC)S1
PEO-0138.png,CN(C)C1=CC(=CC=C1N=NC2=CC=C(C=C2)[N+](=O)[O-])C3=CC=C(C=C3OC)OC(=O)C4=CC=C(/C=C/C5=CC=C(N(C)C)S5)C=C4OC
PEO-0139.png,CN(C)C1=CC(=C(C=C1)N=NC2=CC=C(C(=C2)OC)N=NC3=CC=C(C=C3)[N+](=O)[O-])OC
PEO-0140.png,CCCOC1=CC(=CC=C1/C=C/C2=CC=C(C=C2)[N+](=O)[O-])C3=CC=C(C=C3OC)OC(=O)C4=CC=C(C=C4OC)N=NC5=C(C=C(C=C5)N(C)C)OC
PEO-0141.png,CCCOC1=CC(=CC=C1/C=C/C2=CC=C(C=C2)[N+](=O)[O-])C3=CC=C(C=C3OC)OC(=O)C4=CC=C(C=C4OC)N=NC5=CC6=C7C(=C5)CCCN7CCC6
PEO-0142.png,CCCOC1=CC(=CC=C1/C=C/C2=CC=C(C=C2)[N+](=O)[O-])C3=CC=C(C=C3OC)OC(=O)C4=CC=C(C=C4OC)N=NC5=CC6=C(C=C5OC)N(C)CCC6
PEO-0143.png,CCCOC1=CC(=CC=C1/C=C/C2=CC=C(C=C2)[N+](=O)[O-])C3=CC=C(C=C3OC)OC(=O)C4=CC=C(C=C4OC)N=NC5=CC=C(N(C)C)S5
PEO-0144.png,CN(C)C1=CC=C(/C=C/C2=CC=C(C(=C2)OC)C(=O)OC3=CC=C(C4=CC=C(C(=C4)OC)N=NC5=CC=C(C=C5)[N+](=O)[O-])C(=C3)OC)S1
peo-0145.png,CN1CCCC2=C1C=C(C(=C2)N=NC3=CC=C(C(=C3)OC)C(=O)OC4=CC=C(C5=CC=C(/C=C/C6=CC=C(C=C6)[N+](=O)[O-])C(=C5)OC)C(=C4)OC)OC
peo-0146.png,CCCCCOC1=C(C=CC(=C1)N(C)C)N=NC2=CC=C(C(=C2)[N+](=O)[O-])C(=O)OC3=CC=C(C4=CC=C(/C=C/C5=CC=C(C=C5)[N+](=O)[O-])C(=C4)OC)C(=C3)OC
PEO-0147.png,CN1CCCC2=C1C=C(C(=C2)N=NC3=CC=C(C(=C3)OC)N=NC4=CC=C(C(=C4)OC)C(=O)OC5=CC(=C(C6=CC(=C(C#N)C(=C6)F)F)C(=C5)F)F)OC
PEO-0148.png,CCCCCOC1=C(C=CC(=C1)N(C)C)N=NC2=NC=C(C(=O)OC3=CC(=C(C4=CC(=C(C#N)C(=C4)F)F)C(=C3)F)F)S2
PEO-0149.png,CCCCCOC1=C(C=CC(=C1)N(C)C)N=NC2=NC=C(C(=O)OC3=CC=C(C4=CC=C(/C=C/C5=CC=C(C=C5)[N+](=O)[O-])C(=C4)OCCC)C(=C3)OC)S2
PEO-0150.png,CCCOC1=C(C=CC(=C1)N=NC2=C(C=C(C=C2)N=NC3=CC4=C(C=C3OCC)N(C)CCC4)OC)C(=O)OC5=CC(=C(C6=CC(=C(C#N)C(=C6)F)F)C(=C5)F)F
PEO-0151.png,CCCOC1=C(C=CC(=C1)N=NC2=C(C=C(C=C2)N=NC3=CC4=C(C=C3OCC)N(C)CCC4)OC)C(=O)OC5=CC=C(C6=CC=C(C=C6)[N+](=O)[O-])C(=C5)OC
PEO-0152.png,CCCOC1=C(C=CC(=C1)N=NC2=C(C=C(C=C2)N=NC3=CC4=C(C=C3OCC)N(C)CCC4)OC)C(=O)OC5=CC(=C(C6=CC=C(C=C6)[N+](=O)[O-])C(=C5)F)F
PEO-0153.png,CCOC1=C(C=CC(=C1)N=NC2=CC3=C(C=C2OC)N(C)CCC3)N=NC4=CC(=C(C=C4)C(=O)OC5=CC=C(C6=CC=C(C=C6)[N+](=O)[O-])C(=C5)OC)[N+](=O)[O-]
PEO-0154.png,CCOC1=CC2=C(CCCN2C)C=C1N=NC3=CC(=C(C=C3)N=NC4=CC(=C(C=C4)C(=O)OC5=CC(=C(C6=CC=C(C=C6)[N+](=O)[O-])C(=C5)F)F)OC)OC
PEO-0155.png,CCCOC1=CC(=CC=C1/C=C/C2=CC=C(C=C2)[N+](=O)[O-])C3=CC=C(C=C3OC)OC(=O)C4=CC=C(C=C4OC)N=NC5=C(C)C=C(N(C)C)S5
PEO-0156.png,CN1CCC2=CC(=C(C=C21)OC)N=NC3=CC=C(C(=C3)OC)N=NC4=CC=C(C(=C4)OC)C(=O)OC5=CC(=C(C6=CC=C(C=C6)[N+](=O)[O-])C(=C5)F)F
PEO-0157.png,CCCOC1=CC(=CC=C1N=NC2=CC=C(C=C2)C(=O)OC3=CC=C(C4=CC=C(C=C4)[N+](=O)[O-])C(=C3)OC)N=NC5=C(C=C6C(=C5)CCCN6C)OCC
PEO-0158.png,CCCOC1=CC(=CC=C1N=NC2=CC=C(C=C2)C(=O)OC3=CC(=C(C4=CC=C(C=C4)[N+](=O)[O-])C(=C3)F)F)N=NC5=C(C=C6C(=C5)CCCN6C)OCC
PEO-0159.png,CCOC1=C(C=C2CCCN(C)C2=C1)N=NC3=CC=C(C(=C3)OC)N=NC4=CC=C(C(=C4)OC)C(=O)OC5=CC=C(C6=CC=C(C=C6)[N+](=O)[O-])C(=C5)OC
PEO-0160.png,CCOC1=C(C=C2CCCN(C)C2=C1)N=NC3=CC(=C(C(=C3)OC)N=NC4=CC=C(C(=C4)OC)C(=O)OC5=CC=C(C6=CC=C(C=C6)[N+](=O)[O-])C(=C5)OC)F
PEO-0161.png,CCOC1=C(C=C2CCCN(C)C2=C1)N=NC3=CC=C(C(=C3)OC)N=NC4=CC=C(C(=C4)F)C(=O)OC5=CC(=C(C=C5)C6=CC=C(C=C6)[N+](=O)[O-])OC
PEO-0162.png,CCOC1=CC(=CC=C1N=NC2=CC(=C(C(=C2)OC)N=NC3=CC=C(C(=C3)OC)C(=O)OC4=CC=C(C5=CC=C(C=C5)[N+](=O)[O-])C(=C4)OC)F)N(C)C
PEO-0163.png,CCOC1=CC(=CC=C1N=NC2=CC=C(C(=C2)OC)N=NC3=CC=C(C(=C3)OC)C(=O)OC4=CC=C(C5=CC=C(C=C5)[N+](=O)[O-])C(=C4)OC)N(C)C
PEO-0164.png,CCN1CCCC2=C1C=C(C(=C2)N=NC3=CC=C(C(=C3)OC)N=NC4=CC=C(C(=C4)OC)C(=O)OC5=CC(=C(C6=CC=C(C=C6)[N+](=O)[O-])C(=C5)F)F)OCC
PEO-0165.png,CC(C)OC1=C(C=CC(=C1)N(C)C)N=NC2=CC(=C(C(=C2)OC)N=NC3=CC=C(C(=C3)OC)C(=O)OC4=CC(=C(C5=CC=C(C=C5)[N+](=O)[O-])C(=C4)F)F)F
PEO-0166.png,CC(C)OC1=C(C=CC(=C1)N(C)C)N=NC2=CC(=C(C(=C2)OC)N=NC3=CC=C(C(=C3)OC)C(=O)OC4=CC=C(C5=CC=C(C=C5)[N+](=O)[O-])C(=C4)OC)F
PEO-0167.png,CCOC1=C(C=CC(=C1)N(C)C)N=NC2=CC=C(C3=C2CCO3)N=NC4=CC=C(C(=C4)OC)C(=O)OC5=CC(=C(C6=CC=C(C=C6)[N+](=O)[O-])C(=C5)F)F
PEO-0168.png,COc1cc(N=Nc2cc3c(cc2OCCCCCCOc2cc4c(cc2N=Nc2ccc(N=Nc5ccc(C(=O)Oc6ccc(-c7ccc([N+](=O)[O-])cc7)c(OC)c6)c(F)c5)c(OC)c2)CCCN4C)N(C)CCC3)ccc1N=Nc1ccc(C(=O)Oc2ccc(-c3ccc([N+](=O)[O-])cc3)c(OC)c2)c(F)c1
PEO-0169.png,CC(C)OC1=C(C=CC(=C1)N(C)C)N=NC2=CC=C(C(=C2)OC)N=NC3=CC=C(C(=C3)OC)C(=O)OC4=CC(=C(C5=CC=C(C=C5)[N+](=O)[O-])C(=C4)F)F
PEO-0170.png,CC(C)OC1=CC(=CC=C1C(=O)OC2=CC(=C(C3=CC=C(C=C3)[N+](=O)[O-])C(=C2)F)F)N=NC4=C(C=C(C=C4OC)N=NC5=C(C=C(C=C5)N(C)C)OC(C)C)F
PEO-0171.png,CCOC1=C(C=CC(=C1)N(C)C)N=NC2=CC=C(C3=C2CCCO3)N=NC4=CC=C(C(=C4)OC)C(=O)OC5=CC=C(C6=CC=C(C=C6)[N+](=O)[O-])C(=C5)OC
PEO-0172.png,CC(C)OC1=C(C=CC(=C1)N(C)C)N=NC2=C3C=CC=NC3=C(C=C2)N=NC4=CC=C(C(=C4)OC)C(=O)OC5=CC(=C(C6=CC=C(C=C6)[N+](=O)[O-])C(=C5)F)F
PEO-0173.png,CC(C)OC1=C(C=CC(=C1)N(C)C)N=NC2=CC(=C(C(=C2)F)N=NC3=CC=C(C(=C3)OC)C(=O)OC4=CC(=C(C5=CC=C(C=C5)[N+](=O)[O-])C(=C4)F)OC)OC
PEO-0174.png,CCC(C)OC1=C(C=CC(=C1)N(C)C)N=NC2=CC=C(C(=C2)OC)N=NC3=CC=C(C(=C3)OC)C(=O)OC4=CC(=C(C5=CC=C(C=C5)[N+](=O)[O-])C(=C4)F)F
PEO-0175.png,CN1CCCC2=CC(=C(C=C21)F)N=NC3=CC(=C(C(=C3)OC)N=NC4=CC=C(C(=C4)OC)C(=O)OC5=CC(=C(C6=CC=C(C=C6)[N+](=O)[O-])C(=C5)F)F)F
PEO-0176.png,CN(C)C1=CC(=C(C(=C1)OC)N=NC2=CC(=C(C(=C2)OC)N=NC3=CC=C(C(=C3)OC)C(=O)OC4=CC(=C(C5=CC=C(C=C5)[N+](=O)[O-])C(=C4)F)F)F)F
PEO-0177.png,CC(C)OC1=C(C=CC(=C1)N(C)C)N=NC2=CC(=C(C(=C2)OC(C)C)N=NC3=CC(=C(C(=C3)F)N=NC4=CC=C(C=C4)[N+](=O)[O-])OC)F
PEO-0178.png,CC(C)OC1=C(C=CC(=C1)N(C)C)N=NC2=CC=C(C3=C2C=CC=C3)N=NC4=CC=C(C(=C4)OC)C(=O)OC5=CC(=C(C6=CC=C(C=C6)[N+](=O)[O-])C(=C5)F)F
PEO-0179.png,CC(C)OC1=CC(=CC(=C1N=NC2=CC(=C(C(=C2)F)N=NC3=CC=C(C=C3)[N+](=O)[O-])OC)F)N=NC4=C(C=C5C(=C4)CCCN5C)F
PEO-0180.png,CC(C)OC1=CC(=CC(=C1N=NC2=CC(=C(C(=C2)F)N=NC3=CC(=C(C4=CC=C(C=C4)[N+](=O)[O-])C(=C3)F)F)OC)F)N=NC5=C(C=C(C=C5)N(C)C)OC
PEO-0181.png,CC(C)OC1=CC(=CC(=C1N=NC2=CC(=C(C(=C2)F)N=NC3=CC(=C(C=C3)C4=CC=C(C=C4)[N+](=O)[O-])OC)OC)F)N=NC5=C(C=C(C=C5)N(C)C)OC
PEO-0182.png,CC(C)OC1=CC(=CC(=C1N=NC2=CC(=C(C(=C2)F)N=NC3=CC(=C(C=C3)C4=CC=C(C=C4)[N+](=O)[O-])OC)OC)F)N=NC5=CC6=C(C=C5F)N(C)CCC6
PEO-0183.png,CC(C)OC1=C(C=CC(=C1)N(C)C)N=NC2=CC(=C(C(=C2)OC(C)C)N=NC3=CC(=C(C(=C3)F)N=NC4=CC(=C(C=C4)C5=CC=C(C=C5)[N+](=O)[O-])OC)OC)F
PEO-0184.png,CC(C)N1CCCC2=CC(=C(C=C21)F)N=NC3=CC(=C(C(=C3)OC(C)C)N=NC4=CC(=C(C(=C4)F)N=NC5=CC(=C(C6=CC=C(C=C6)[N+](=O)[O-])C(=C5)F)F)OC)F
PEO-0185.png,CC(C)OC1=C(C=CC(=C1)N(C)C)N=NC2=CC(=C(C(=C2)OC(C)C)N=NC3=CC(=C(C(=C3)F)N=NC4=CC=C(C5=CC=C(C=C5)[N+](=O)[O-])C(=C4)[N+](=O)[O-])OC)F
PEO-0186.png,CC(C)OC1=CC(=CC(=C1N=NC2=CC(=C(C(=C2)F)N=NC3=CC(=C(C4=CC=C(C=C4)[N+](=O)[O-])C(=C3)OC)F)OC)F)N=NC5=C(C=C(C=C5)N6CCCCC6)OC
PEO-0187.png,CC(C)OC1=C(C=CC(=C1)N(C)C)N=NC2=CC=C(C3=C2N=NN3C)N=NC4=CC=C(C(=C4)OC)C(=O)OC5=CC=C(C6=CC=C(C=C6)[N+](=O)[O-])C(=C5)OC
PEO-0188.png,CC(C)OC1=CC(=CC(=C1N=NC2=CC(=C(C(=C2)F)N=NC3=CC(=C(C4=CC=C(C=C4)[N+](=O)[O-])C(=C3)OC)F)OC)F)N=NC5=C(C=C(C=C5)N(C)C)OC(C)C
PEO-0189.png,CC(C)OC1=CC(=CC(=C1N=NC2=CC(=C(C(=C2)F)N=NC3=CC=C(C4=CC=C(C=C4)[N+](=O)[O-])C(=C3)[N+](=O)[O-])OC)F)N=NC5=C(C=C(C=C5)N(C)C)OC
PEO-0190.png,CC(C)OC1=C(C=CC(=C1)N(C)C)N=NC2=CC=C(C3=C2C=CC=N3)N=NC4=CC(=C(C(=C4)F)N=NC5=CC(=C(C6=CC=C(C=C6)[N+](=O)[O-])C(=C5)OC)F)OC
PEO-0191.png,CC(C)OC1=C(C=CC(=C1)N(C)C)N=NC2=CC=C(C3=C2C=CC=N3)N=NC4=CC(=C(C(=C4)F)N=NC5=CC=C(C6=CC=C(C=C6)[N+](=O)[O-])C(=C5)[N+](=O)[O-])OC
PEO-0192.png,CC(C)OC1=CC(=CC(=C1N=NC2=CC(=C(C=C2)C3=CC=C(C4=C3C=CC=N4)[N+](=O)[O-])OC)F)N=NC5=C(C=C(C=C5OC)N=NC6=C(C=C(C=C6)N(C)C)OC)F
PEO-0193.png,CC(C)OC1=CC(=CC(=C1N=NC2=CC=C3C(=C2)C(=O)N(C4=CC=C(C5=CC=C(C=C5)[N+](=O)[O-])C(=C4)OC)C3=O)F)N=NC6=C(C=C(C=C6)N(C)C)OC
PEO-0194.png,CC(C)OC1=CC(=CC=C1C(=O)OC2=CC=C(C3=CC=C(C=C3)[N+](=O)[O-])C(=C2)OC)N=NC4=C(C=C(C=C4F)N=NC5=C(C=C(C=C5)N(C)C)OC(C)C)OC
PEO-0195.png,CC(C)OC1=CC(=CC=C1C(=O)OC2=CC=C(C(=C2)OC)C(=O)OC3=CC=C(C4=CC=C(C=C4)[N+](=O)[O-])C(=C3)OC)N=NC5=C(C=C(C=C5OC)N=NC6=C(C=C(C=C6)N(C)C)OC(C)C)F
PEO-0196.png,CC(C)OC1=C(C=CC(=C1)N(C)C)N=NC2=CC(=C(C(=C2)OC)N=NC3=CC=C(C(=C3)OC(C)C)C(=O)OC4=CC(=C(/C=C/C5=CC=C(C=C5)[N+](=O)[O-])C(=C4)OC)OC)F
PEO-0197.png,CCN1CCCC2=CC(=C(C=C21)C(F)(F)F)N=NC3=CC(=C(C(=C3)OC)N=NC4=CC=C(C(=C4)OC)C(=O)OC5=CC=C(C(=C5)OC)C(=O)OC6=CC(=C(/C=C/C7=CC=C(C=C7)[N+](=O)[O-])C(=C6)OC)OC)F
PEO-0198.png,CC(C)OC1=CC(=CC=C1C(=O)OC2=CC=C(C(=C2)OC)C(=O)OC3=CC(=C(/C=C/C4=CC=C(C=C4)[N+](=O)[O-])C(=C3)OC)OC)N=NC5=C(C=C(C=C5OC)N=NC6=C(C=C(C=C6)N(C)C)OC(C)C)F
PEO-0199.png,CC(C)OC1=C(C=CC(=C1)N(C)C)N=NC2=CC=C(C(=C2)OC)N=NC3=CC=C(C(=C3)OC)C(=O)OC4=CC=C(C(=C4)OC)C(=O)OC5=CC(=C(/C=C/C6=CC=C(C=C6)[N+](=O)[O-])C(=C5)OC)OC
PEO-0200.png,COC1=CC(=CC=C1C(=O)OC2=CC=C(C(=C2)OC)C(=O)OC3=CC(=C(/C=C/C4=CC=C(C=C4)[N+](=O)[O-])C(=C3)OC)OC)N=NC5=CC(=C(C=C5OC)N=NC6=CC7=C8C(=C6)CCCN8CCC7)F
PEO-0201.png,CC(C)OC1=C(C=CC(=C1)N(C)C)N=NC2=CC(=C(C(=C2)OC)N=NC3=CC=C(C(=C3)OC)C(=O)OC4=CC=C(C(=C4)OC)C(=O)OC5=CC(=C(/C=C/C6=CC=C(C=C6)[N+](=O)[O-])C(=C5)OC)OC)F
PEO-0202.png,COc1cc(OC(=O)c2ccc(OC(=O)c3ccc(OC(=O)c4ccc(cc4OC)\N=N\c5c(F)cc(cc5OC)\N=N\c6ccc(cc6OC(C)C)N(C)C)cc3OC)cc2OC)cc(OC)c1\C=C\c7ccc(cc7)[N+](=O)[O-]
PEO-0203.png,CC(C)OC1=CC(=CC=C1C(=O)OC2=CC=C(C(=C2)OC)C(=O)OC3=CC=C(C4=CC(=C(/C=C/C5=CC=C(C=C5)[N+](=O)[O-])C(=C4)OC)OC)C(=C3)OC)N=NC6=C(C=C(C=C6OC)N=NC7=C(C=C(C=C7)N(C)C)OC(C)C)F
PEO-0204.png,COc1cc(OC(=O)c2ccc(OC(=O)c3ccc(cc3OC(C)C)\N=N\c4c(F)cc(cc4OC)\N=N\c5ccc(cc5OC)N(C)C)cc2OC)cc(OC)c1\C=C\c6ccc(cc6)[N+](=O)[O-]
PEO-0205.png,CC(C)OC1=CC(=CC=C1C(=O)OC2=CC(=C(/C=C/C3=CC=C(C=C3)[N+](=O)[O-])C(=C2)OC)OC)N=NC4=C(C=C(C=C4OC)N=NC5=C(C=C(C=C5)N(C)C)OC)F
PEO-0206.png,CCN1CCCC2=C1C=C(C(=C2)N=NC3=CC(=C(C(=C3)OC)N=NC4=CC=C(C(=C4)OC(C)C)C(=O)OC5=CC=C(C(=C5)OC)C(=O)OC6=CC(=C(/C=C/C7=CC=C(C=C7)[N+](=O)[O-])C(=C6)OC)OC)F)F
PEO-0207.png,CC(C)OC1=CC(=CC=C1C(=O)OC2=CC=C(C(=C2)OC)C(=O)OC3=CC(=C(/C=C/C4=CC=C(C=C4)[N+](=O)[O-])C(=C3)OC)OC)N=NC5=C(C=C(C=C5OC)N=NC6=CC=C(C=C6OC)N7CCCCC7)F
PEO-0208.png,COC1=CC(=CC=C1C(=O)OC2=CC=C(C(=C2)OC)C(=O)OC3=CC(=C(/C=C/C4=CC=C(C=C4)[N+](=O)[O-])C(=C3)OC)OC)N=NC5=C(C=C(C=C5OC)N=NC6=CC=C(C=C6OC)N7CCCCC7)F
PEO-0209.png,CCN1CCCC2=C1C=C(C(=C2)N=NC3=CC(=C(C(=C3)OC)N=NC4=CC(=C(C=C4)C(=O)OC5=CC(=C(C=C5)C(=O)OC6=CC(=C(/C=C/C7=CC=C(C=C7)[N+](=O)[O-])C(=C6)OC)OC)OC)OC)F)F
PEO-0210.png,COC1=CC(=CC=C1N=NC2=CC=C(C3=C2CCCO3)N=NC4=CC=C(C(=C4)OC)C(=O)OC5=CC(=C(C=C5)C(=O)OC6=CC(=C(/C=C/C7=CC=C(C=C7)[N+](=O)[O-])C(=C6)OC)OC)OC)N8CCCCC8
PEO-0211.png,COC1=CC(=CC=C1C(=O)OC2=CC(=C(/C=C/C3=CC=C(C=C3)[N+](=O)[O-])C(=C2)OC)OC)N=NC4=C(C=C(C=C4OC)N=NC5=CC=C(C=C5OC)N6CCCCC6)OC
PEO-0212.png,COc1cc(cc(OC)c1\C=C\c2ccc(cc2)[N+](=O)[O-])c3ccc(OC(=O)c4ccc(OC(=O)c5ccc(cc5OC)\N=N\c6ccc(\N=N\c7ccc(cc7OC)N8CCCCC8)c9CCCOc69)cc4OC)cc3OC
PEO-0213.png,COc1cc(OC(=O)c2ccc(OC(=O)c3ccc(cc3OC)\N=N\c4ccc(\N=N\c5ccc(cc5OC)N6CCCCC6)c7cccc(F)c47)cc2OC)cc(OC)c1\C=C\c8ccc(cc8)[N+](=O)[O-]
PEO-0214.png,COc1cc(OC(c(c2c3cccc2)ccc3OC(c(c(OC)c2)ccc2/N=N/c(c(OC)cc(/N=N/c(c(OC)c2)ccc2N2CCCCC2)c2)c2F)=O)=O)cc(OC)c1/C=C/c(cc1)ccc1[N+]([O-])=O
PEO-0215.png,COc1cc(OC(=O)c2ccc(\C=C\c3c(OC)cc(OC(=O)c4ccc(cc4OC(C)C)\N=N\c5c(F)cc(cc5OC)\N=N\c6ccc(cc6OC)N7CCCCC7)cc3OC)cc2F)cc(OC)c1\C=C\c8ccc(cc8)[N+](=O)[O-]
PEO-0216.png,COc1cc(OC(=O)c2ccc(OC(=O)c3ccc(cc3OC(C)C)\N=N\c4c(F)cc(cc4OC)\N=N\c5cc6CCCN7CCCc(c5F)c67)cc2OC)cc(OC)c1\C=C\c8ccc(cc8)[N+](=O)[O-]
PEO0-0092.png,CCCCCOC1=C(C=CC(=C1)N(C)C)N=NC2=CC=C(C=C2)C(=O)OC3=CC(=C(C#N)C(=C3)F)F
PEO01.png,CCCCCC1=CC=C(C=C1)C(=O)OC2=CC(=C(C#N)C(=C2)F)F
PEO105.png,CCCC1CCN(CC1)C2=CC=C(C#CC3=CC=C(C=C3)[N+](=O)[O-])C(=C2)OCCC
PEO317.png,CCCOC1=CC(=CC=C1C(=O)OC2=CC=C(C=C2)[N+](=O)[O-])OC(=O)C3=CC=C(C=C3OCCC)OC
PEO318.png,COCCOC1=CC(=CC=C1C(=O)OC2=CC=C(C(=C2)F)N=NC3=CC=C(C=C3)[N+](=O)[O-])OC
peo326.png,CCCOC1=CC(=CC=C1/C=C/C2=CC=C(C=C2)[N+](=O)[O-])/C=C/C3=C(C=C(C=C3)OC)OCCC
peo359.png,CCCC1CCN(CC1)C2=CC=C(C=C2)C3=NC=C(C=N3)[N+](=O)[O-]
peo390.png,CCCN1CCCC2=CC(=CC=C21)C#CC3=CC=C(C=C3)[N+](=O)[O-]
PEO422.png,CCCOC1=C(C=CC(=C1)OC)C(=O)OC2=CC(=C(C=C2)C(=O)OC3=CC(=C(C=C3)C(=O)OC4=CC=C(C=C4)[N+](=O)[O-])OCCC)OCCC
PEO503.png,CCCOC1=CC(=CC=C1C(=O)OC2=CC=C(C=C2)[N+](=O)[O-])OC(=O)C3=CC=C(C=C3)OC
PEO519.png,CCCOc1cc(OC)ccc1C(=O)Oc2ccc(C(=O)Oc3ccc(C(=O)Oc4ccc(C(=O)Oc5ccc(C(=O)Oc6ccc(cc6)[N+](=O)[O-])c(OCCC)c5)c(OCCC)c4)c(OCCC)c3)c(OCCC)c2
PEO562.png,CCCOC1=CC(=CC=C1/C=C/C2=CC=C(C=C2)[N+](=O)[O-])/C=C/C3=C(C=C(C=C3)N(C)C)OCCC
PEO691.png,CCCC1CCN(CC1)C2=CC3=C(C=C2)C=C(C=C3)C4=NC=C(C=N4)[N+](=O)[O-]
rm734.png,COC1=CC(=C(C=C1)C(=O)OC2=CC=C(C=C2)C(=O)OC3=CC=C(C=C3)[N+](=O)[O-])OC
w1038.png,CCCOC1=CC(=C(C=C1)N=NC2=CC=C(C=C2)[N+](=O)[O-])OCCC
